epoch,time,train/box_loss,train/cls_loss,train/dfl_loss,metrics/precision(B),metrics/recall(B),metrics/mAP50(B),metrics/mAP50-95(B),val/box_loss,val/cls_loss,val/dfl_loss,lr/pg0,lr/pg1,lr/pg2
1,15.164,1.47783,4.17996,1.42405,0.00147,0.11111,0.00215,0.00064,1.77701,5.22415,1.56051,0.000277778,0.000277778,0.000277778
2,29.2762,1.37684,3.75473,1.31181,0.00248,0.22222,0.22167,0.03333,2.08518,5.69259,1.82207,0.000605061,0.000605061,0.000605061
3,43.1975,1.46425,3.38369,1.29526,0,0,0,0,2.08825,5.59774,1.85685,0.000925744,0.000925744,0.000925744
4,57.2732,1.52872,3.13742,1.41015,0.00139,0.11111,0.00266,0.00027,2.96341,5.81669,2.41791,0.0009703,0.0009703,0.0009703
5,71.4148,1.56236,2.82566,1.43253,0.00131,0.11111,0.11167,0.04467,2.90694,6.04267,2.34708,0.0009604,0.0009604,0.0009604
6,85.3976,1.4747,2.69858,1.36479,0.01646,0.44444,0.2775,0.07783,2.80491,5.74889,2.09253,0.0009505,0.0009505,0.0009505
7,99.4851,1.49494,2.44662,1.32457,0.01497,0.55556,0.35383,0.17045,2.46,5.27991,1.79731,0.0009406,0.0009406,0.0009406
8,113.436,1.42017,2.34986,1.32508,0.00989,0.55556,0.37197,0.08781,2.39037,4.95537,1.94947,0.0009307,0.0009307,0.0009307
9,127.446,1.46994,2.26566,1.32619,0.00853,0.55556,0.37197,0.18204,2.49934,4.79807,1.96784,0.0009208,0.0009208,0.0009208
10,141.311,1.36672,2.10532,1.30213,0.90482,0.33333,0.42033,0.1527,2.56257,4.84305,2.03304,0.0009109,0.0009109,0.0009109
11,155.814,1.34594,2.1475,1.24362,0.92201,0.33333,0.40556,0.15818,2.53013,4.69189,1.9836,0.000901,0.000901,0.000901
12,170.249,1.36686,2.09756,1.28109,0.96791,0.33333,0.50283,0.24481,2.34891,4.37082,1.84639,0.0008911,0.0008911,0.0008911
13,185.121,1.33578,2.0335,1.28074,0.98223,0.33333,0.50283,0.24643,2.38552,4.25703,1.80632,0.0008812,0.0008812,0.0008812
14,202.37,1.29714,1.86858,1.18639,0.9903,0.33333,0.60833,0.33055,2.27929,4.13661,1.87057,0.0008713,0.0008713,0.0008713
15,219.249,1.234,1.84106,1.19195,0.98562,0.33333,0.55333,0.28817,2.39123,4.21133,1.98241,0.0008614,0.0008614,0.0008614
16,236.177,1.32123,1.96527,1.20428,0.96471,0.33333,0.55333,0.28783,2.42252,4.44515,1.82527,0.0008515,0.0008515,0.0008515
17,252.683,1.26449,2.06481,1.21561,0.98034,0.33333,0.57167,0.22836,2.17063,4.19311,1.56553,0.0008416,0.0008416,0.0008416
18,269.71,1.22494,1.78567,1.17981,0.97571,0.33333,0.55333,0.2325,2.03194,4.54911,1.73761,0.0008317,0.0008317,0.0008317
19,286.766,1.24312,1.69807,1.15257,0.97987,0.33333,0.55333,0.23792,1.99332,4.61351,1.7266,0.0008218,0.0008218,0.0008218
20,303.707,1.20613,1.71415,1.15444,0.98396,0.33333,0.51667,0.24344,2.31198,4.61773,1.97788,0.0008119,0.0008119,0.0008119
21,319.011,1.29498,1.74817,1.17412,0.98484,0.33333,0.55333,0.23244,2.23196,4.66046,1.80243,0.000802,0.000802,0.000802
22,333.186,1.14693,1.67515,1.14358,0.97123,0.33333,0.56708,0.31154,2.23167,3.9674,1.596,0.0007921,0.0007921,0.0007921
23,347.458,1.23584,1.6818,1.14884,0.97382,0.33333,0.56433,0.2781,2.32347,4.04416,1.66168,0.0007822,0.0007822,0.0007822
24,361.605,1.11017,1.71082,1.13188,0.4126,0.5071,0.39781,0.20595,2.18762,4.11076,1.70127,0.0007723,0.0007723,0.0007723
25,376.532,1.17951,1.65423,1.13841,0.41284,0.54435,0.40125,0.20071,2.15759,3.96031,1.73122,0.0007624,0.0007624,0.0007624
26,393.587,1.15449,1.66665,1.13054,0.7929,0.506,0.5769,0.28116,2.07484,4.12079,1.75817,0.0007525,0.0007525,0.0007525
27,410.158,1.14095,1.56863,1.14359,0.78124,0.5266,0.58633,0.30487,2.05294,3.99062,1.68879,0.0007426,0.0007426,0.0007426
28,427.116,1.14172,1.46167,1.13076,0.46679,0.51701,0.56051,0.29751,1.98158,3.82298,1.7271,0.0007327,0.0007327,0.0007327
29,443.146,1.09881,1.53421,1.12554,0.35473,0.44444,0.52236,0.21009,2.10255,3.89473,1.95581,0.0007228,0.0007228,0.0007228
30,458.252,1.09191,1.40019,1.13384,0.44102,0.44444,0.52492,0.23076,2.04686,4.08326,1.91458,0.0007129,0.0007129,0.0007129
31,475.045,1.12257,1.47977,1.08144,0.43852,0.44444,0.52767,0.22697,2.12301,4.35917,1.92145,0.000703,0.000703,0.000703
32,491.642,1.11133,1.55391,1.09038,0.28247,0.44444,0.4931,0.19674,1.87337,4.09191,1.77973,0.0006931,0.0006931,0.0006931
33,507.998,0.9998,1.41144,1.11688,0.41048,0.44444,0.49283,0.20824,1.97492,4.16971,1.7617,0.0006832,0.0006832,0.0006832
34,524.512,1.03749,1.30186,1.0588,0.59257,0.33333,0.50383,0.164,2.34628,4.06728,2.00424,0.0006733,0.0006733,0.0006733
35,541.373,1.03821,1.29362,1.07606,0.6119,0.33333,0.46533,0.15632,2.32374,3.95391,1.96084,0.0006634,0.0006634,0.0006634
36,558.654,1.07157,1.33239,1.08388,0.38251,0.4668,0.52033,0.24383,2.24903,3.72608,2.19392,0.0006535,0.0006535,0.0006535
37,575.571,1.09603,1.37313,1.07952,0.97385,0.33333,0.47633,0.25602,2.2347,3.73416,2.14721,0.0006436,0.0006436,0.0006436
38,592.745,1.0196,1.27648,1.06456,0.41222,0.54004,0.535,0.24036,2.25991,4.02705,2.01277,0.0006337,0.0006337,0.0006337
39,609.149,0.98707,1.22109,1.04055,0.36767,0.44444,0.47633,0.22535,2.23015,4.18602,2.03121,0.0006238,0.0006238,0.0006238
40,625.725,1.04879,1.29435,1.06,0.4582,0.61111,0.55792,0.1841,2.24279,3.94796,2.12241,0.0006139,0.0006139,0.0006139
41,640.366,0.98682,1.19935,1.04644,0.49196,0.56836,0.55792,0.18977,2.38284,3.73936,2.25259,0.000604,0.000604,0.000604
42,654.494,0.94457,1.22665,1.03966,0.94693,0.49749,0.56512,0.24697,2.29535,3.38317,2.13863,0.0005941,0.0005941,0.0005941
43,670.946,1.00801,1.2756,1.05298,0.95022,0.46925,0.5769,0.29675,2.23407,3.48525,2.01538,0.0005842,0.0005842,0.0005842
44,685.771,0.88617,1.1292,1.01485,0.53297,0.52939,0.59458,0.2346,2.11027,3.61962,1.94092,0.0005743,0.0005743,0.0005743
45,700.054,0.91642,1.18519,1.03482,0.54641,0.57813,0.59458,0.23602,1.94836,3.80294,1.8383,0.0005644,0.0005644,0.0005644
46,714.105,0.97108,1.16036,1.03227,0.51439,0.51298,0.56512,0.20772,1.86379,3.75821,1.65456,0.0005545,0.0005545,0.0005545
47,728.495,0.96746,1.28225,1.06859,0.47415,0.61111,0.54967,0.18381,1.95891,3.88816,1.72617,0.0005446,0.0005446,0.0005446
48,742.921,1.00474,1.23335,1.05547,0.59551,0.66469,0.58633,0.25657,1.94584,3.69774,1.76055,0.0005347,0.0005347,0.0005347
49,757.085,0.95829,1.18434,1.0587,0.69386,0.69686,0.58633,0.25402,1.92754,3.7284,1.80967,0.0005248,0.0005248,0.0005248
50,771.128,0.92024,1.09055,1.0126,0.55862,0.11111,0.34167,0.17701,1.77475,3.88153,1.80159,0.0005149,0.0005149,0.0005149
51,785.36,0.88501,1.03909,1.02673,0.43926,0.11111,0.29059,0.15869,1.75787,3.87468,1.77735,0.000505,0.000505,0.000505
52,799.573,0.97347,1.11269,1.03524,0.82002,0.11111,0.44504,0.14248,1.94077,4.11899,1.8701,0.0004951,0.0004951,0.0004951
53,813.904,0.87709,1.10028,1.01661,0.41356,0.11111,0.30287,0.14739,2.03223,3.89411,1.97389,0.0004852,0.0004852,0.0004852
54,828.224,0.9067,1.10582,1.0362,0.34609,0.44444,0.45283,0.2456,2.21326,3.60941,2.06505,0.0004753,0.0004753,0.0004753
55,842.326,0.90197,1.06468,1.03406,0.41941,0.44444,0.45336,0.24607,2.16969,3.47056,2.04775,0.0004654,0.0004654,0.0004654
56,856.563,0.90313,1.08244,0.98789,0.4369,0.61111,0.54783,0.27408,2.01107,3.22404,1.88773,0.0004555,0.0004555,0.0004555
57,870.646,0.89844,1.11083,1.00274,0.6585,0.61038,0.58083,0.28605,1.93289,3.02264,1.81543,0.0004456,0.0004456,0.0004456
58,884.818,0.87444,1.06523,0.98578,0.59116,0.59624,0.58083,0.33092,1.85833,3.05065,1.73691,0.0004357,0.0004357,0.0004357
59,898.772,0.85832,0.98417,0.99609,0.60382,0.57241,0.59917,0.37342,1.88431,3.13861,1.76215,0.0004258,0.0004258,0.0004258
60,912.715,0.84026,1.00136,0.99422,0.65041,0.53657,0.59917,0.33919,1.86606,3.16552,1.78933,0.0004159,0.0004159,0.0004159
61,926.77,0.83707,0.99301,0.99412,0.52668,0.44444,0.5199,0.35447,1.81997,3.39513,1.75087,0.000406,0.000406,0.000406
62,940.948,0.90872,1.04743,1.0093,0.45361,0.44444,0.51937,0.33715,1.85129,3.27091,1.79438,0.0003961,0.0003961,0.0003961
63,955.099,0.85083,1.02959,1.02652,0.44615,0.44444,0.50123,0.29495,1.92199,3.28328,1.84624,0.0003862,0.0003862,0.0003862
64,969.278,0.80732,1.04303,0.96587,0.87713,0.44444,0.49833,0.299,2.1261,3.35589,1.94241,0.0003763,0.0003763,0.0003763
65,983.362,0.8163,0.9459,0.97462,0.88649,0.44444,0.51667,0.29894,2.21118,3.357,2.01014,0.0003664,0.0003664,0.0003664
66,997.402,0.81215,0.93412,0.94976,0.86537,0.46138,0.58083,0.25795,2.3024,3.22438,2.05229,0.0003565,0.0003565,0.0003565
67,1011.46,0.83785,1.01174,0.98575,0.86444,0.44444,0.55792,0.24423,2.24995,3.16703,1.93549,0.0003466,0.0003466,0.0003466
68,1025.6,0.78504,0.96475,0.95999,0.85951,0.44444,0.53958,0.21513,2.29797,3.03046,2.09801,0.0003367,0.0003367,0.0003367
69,1039.68,0.82963,0.94417,0.97431,0.85979,0.44444,0.53958,0.20403,2.42133,3.15197,2.21562,0.0003268,0.0003268,0.0003268
70,1053.98,0.83542,1.0938,0.98932,0.48761,0.44444,0.51667,0.19933,2.51919,3.27804,2.31048,0.0003169,0.0003169,0.0003169
71,1068.17,0.77443,0.94115,0.94646,0.47266,0.44444,0.48733,0.19717,2.48556,3.37876,2.27136,0.000307,0.000307,0.000307
72,1082.27,0.8246,0.95738,0.95956,0.48678,0.44444,0.51667,0.24356,2.21987,3.41048,1.89797,0.0002971,0.0002971,0.0002971
73,1096.37,0.81879,1.05833,0.9704,0.52513,0.44444,0.49833,0.24917,2.1946,3.27231,1.8761,0.0002872,0.0002872,0.0002872
74,1110.47,0.81011,0.9387,0.9535,0.89448,0.44444,0.49833,0.205,2.26861,3.3291,2.0194,0.0002773,0.0002773,0.0002773
75,1124.95,0.82475,0.95003,0.96136,0.89346,0.44444,0.49833,0.2105,2.30148,3.31863,2.08169,0.0002674,0.0002674,0.0002674
76,1142,0.82259,1.06174,1.0084,0.91064,0.44444,0.47083,0.2229,2.3425,3.14146,2.11824,0.0002575,0.0002575,0.0002575
77,1158.83,0.81767,0.90988,0.97841,0.54661,0.44444,0.46778,0.24476,2.34176,3.19286,2.13783,0.0002476,0.0002476,0.0002476
78,1173.18,0.76488,0.96185,0.97737,0.4098,0.44444,0.54967,0.31362,2.23828,3.40671,2.05103,0.0002377,0.0002377,0.0002377
79,1187.3,0.80254,0.95488,0.97889,0.40845,0.44444,0.54967,0.31376,2.09061,3.42638,1.91475,0.0002278,0.0002278,0.0002278
80,1201.72,0.74308,0.89105,0.93719,0.47002,0.44444,0.53133,0.32159,1.98298,3.308,1.94436,0.0002179,0.0002179,0.0002179
81,1216.65,0.77286,0.91073,0.97119,0.48678,0.44444,0.53133,0.30992,2.02519,3.29223,1.93093,0.000208,0.000208,0.000208
82,1230.76,0.75731,0.90638,0.97071,0.49693,0.44444,0.53133,0.30955,2.06815,3.24459,1.91674,0.0001981,0.0001981,0.0001981
83,1244.75,0.75965,0.94589,0.9443,0.51511,0.44444,0.53133,0.26488,2.07571,3.15643,1.90819,0.0001882,0.0001882,0.0001882
84,1258.87,0.74465,0.94306,0.93246,0.51235,0.44444,0.52583,0.30238,2.05117,3.23662,1.96091,0.0001783,0.0001783,0.0001783
85,1273.04,0.68843,0.82952,0.91659,0.51452,0.44444,0.51483,0.30125,2.02558,3.30411,1.97118,0.0001684,0.0001684,0.0001684
86,1287.19,0.66472,0.78638,0.91264,0.48511,0.44444,0.52033,0.3018,2.07189,3.28269,2.05947,0.0001585,0.0001585,0.0001585
87,1301.24,0.69602,0.84995,0.92017,0.45923,0.44444,0.52033,0.26955,2.04995,3.24488,2.00547,0.0001486,0.0001486,0.0001486
88,1315.36,0.6224,0.92331,0.91928,0.46854,0.44444,0.52125,0.26618,2.06213,3.16305,1.95276,0.0001387,0.0001387,0.0001387
89,1329.44,0.73147,0.81162,0.92336,0.48549,0.44444,0.53958,0.26801,2.11451,3.07937,1.97229,0.0001288,0.0001288,0.0001288
90,1343.53,0.74908,0.88221,0.94622,0.50537,0.44444,0.52858,0.26322,2.10488,3.0941,1.97734,0.0001189,0.0001189,0.0001189
91,1357.53,0.76027,1.02163,0.99452,0.49876,0.44444,0.52858,0.26531,2.0612,3.14409,1.96348,0.000109,0.000109,0.000109
92,1371.31,0.76557,1.01554,0.95407,0.472,0.44444,0.48134,0.30015,2.04995,3.32502,1.98484,9.91e-05,9.91e-05,9.91e-05
93,1385.2,0.72214,1.00349,0.94448,0.4784,0.44444,0.48733,0.30145,2.02887,3.35439,1.96397,8.92e-05,8.92e-05,8.92e-05
94,1399.06,0.6837,0.9193,0.94285,0.48286,0.44444,0.48,0.29954,2.01752,3.32512,1.97078,7.93e-05,7.93e-05,7.93e-05
95,1412.7,0.74415,1.03272,0.93759,0.497,0.44444,0.48,0.30024,2.0051,3.29556,1.94686,6.94e-05,6.94e-05,6.94e-05
96,1426.65,0.66902,0.90523,0.90761,0.53231,0.44444,0.51483,0.30615,1.98357,3.24784,1.90181,5.95e-05,5.95e-05,5.95e-05
97,1440.37,0.79607,0.94813,1.01495,0.5418,0.44444,0.535,0.31183,2.01231,3.19893,1.91638,4.96e-05,4.96e-05,4.96e-05
98,1454.23,0.66655,0.93211,0.90462,0.53116,0.44444,0.535,0.31183,2.06118,3.21997,1.95712,3.97e-05,3.97e-05,3.97e-05
99,1467.98,0.672,0.89291,0.91434,0.51296,0.5015,0.57167,0.28967,2.0719,3.21327,1.97124,2.98e-05,2.98e-05,2.98e-05
100,1481.66,0.6696,0.89156,0.94139,0.5289,0.49169,0.57167,0.32283,2.06778,3.19073,1.98203,1.99e-05,1.99e-05,1.99e-05
